" Use of health services for mental illness (annual), age-standardized prevalence rate, percent"


" Area "," Condition "," Age Group "," Sex "," Year "," Rate "," Rate CV "," Rate_95%_CI_Lower "," Rate_95%_CI_Upper "," Number "," Population ",
"Canada","Use of health services for mental illness (annual)","'1+'","Both sexes","2000","14.81","0.05","14.80","14.83","4,546,270","31,400,680",
"Canada","Use of health services for mental illness (annual)","'1+'","Females","2000","17.41","0.06","17.39","17.43","2,729,050","15,877,190",
"Canada","Use of health services for mental illness (annual)","'1+'","Males","2000","12.11","0.08","12.10","12.13","1,817,220","15,523,490",
"Canada","Use of health services for mental illness (annual)","'1+'","Both sexes","2001","14.87","0.05","14.86","14.89","4,632,580","31,745,390",
"Canada","Use of health services for mental illness (annual)","'1+'","Females","2001","17.47","0.06","17.45","17.49","2,777,330","16,048,100",
"Canada","Use of health services for mental illness (annual)","'1+'","Males","2001","12.19","0.07","12.17","12.20","1,855,250","15,697,300",
"Canada","Use of health services for mental illness (annual)","'1+'","Both sexes","2002","14.90","0.05","14.89","14.92","4,707,400","32,084,690",
"Canada","Use of health services for mental illness (annual)","'1+'","Females","2002","17.46","0.06","17.44","17.48","2,813,470","16,218,490",
"Canada","Use of health services for mental illness (annual)","'1+'","Males","2002","12.25","0.07","12.23","12.27","1,893,920","15,866,200",
"Canada","Use of health services for mental illness (annual)","'1+'","Both sexes","2003","14.72","0.05","14.71","14.73","4,713,890","32,420,510",
"Canada","Use of health services for mental illness (annual)","'1+'","Females","2003","17.17","0.06","17.15","17.19","2,805,420","16,385,510",
"Canada","Use of health services for mental illness (annual)","'1+'","Males","2003","12.18","0.07","12.16","12.20","1,908,480","16,035,010",
"Canada","Use of health services for mental illness (annual)","'1+'","Both sexes","2004","14.59","0.05","14.58","14.60","4,734,100","32,752,610",
"Canada","Use of health services for mental illness (annual)","'1+'","Females","2004","16.94","0.06","16.92","16.96","2,803,790","16,552,280",
"Canada","Use of health services for mental illness (annual)","'1+'","Males","2004","12.16","0.07","12.14","12.17","1,930,310","16,200,330",
"Canada","Use of health services for mental illness (annual)","'1+'","Both sexes","2005","14.66","0.05","14.65","14.67","4,826,930","33,140,350",
"Canada","Use of health services for mental illness (annual)","'1+'","Females","2005","17.01","0.06","16.99","17.03","2,856,610","16,748,820",
"Canada","Use of health services for mental illness (annual)","'1+'","Males","2005","12.22","0.07","12.21","12.24","1,970,330","16,391,540",
"Canada","Use of health services for mental illness (annual)","'1+'","Both sexes","2006","14.61","0.05","14.60","14.63","4,850,490","33,334,230",
"Canada","Use of health services for mental illness (annual)","'1+'","Females","2006","16.91","0.06","16.89","16.93","2,864,260","16,853,740",
"Canada","Use of health services for mental illness (annual)","'1+'","Males","2006","12.22","0.07","12.21","12.24","1,986,230","16,480,500",
"Canada","Use of health services for mental illness (annual)","'1+'","Both sexes","2007","14.60","0.05","14.58","14.61","4,891,320","33,591,460",
"Canada","Use of health services for mental illness (annual)","'1+'","Females","2007","16.83","0.06","16.81","16.85","2,878,220","16,987,370",
"Canada","Use of health services for mental illness (annual)","'1+'","Males","2007","12.27","0.07","12.25","12.29","2,013,100","16,604,090",
"Canada","Use of health services for mental illness (annual)","'1+'","Both sexes","2008","14.62","0.04","14.61","14.64","4,966,180","33,978,250",
"Canada","Use of health services for mental illness (annual)","'1+'","Females","2008","16.75","0.06","16.73","16.77","2,902,900","17,180,400",
"Canada","Use of health services for mental illness (annual)","'1+'","Males","2008","12.41","0.07","12.39","12.42","2,063,280","16,797,850",
"Canada","Use of health services for mental illness (annual)","'1+'","Both sexes","2009","14.57","0.04","14.56","14.58","5,017,060","34,382,520",
"Canada","Use of health services for mental illness (annual)","'1+'","Females","2009","16.58","0.06","16.56","16.60","2,914,740","17,383,380",
"Canada","Use of health services for mental illness (annual)","'1+'","Males","2009","12.47","0.07","12.45","12.48","2,102,320","16,999,140",
"Canada","Use of health services for mental illness (annual)","'1+'","Both sexes","2010","14.49","0.04","14.47","14.50","5,065,530","34,840,960",
"Canada","Use of health services for mental illness (annual)","'1+'","Females","2010","16.43","0.06","16.41","16.44","2,931,450","17,608,380",
"Canada","Use of health services for mental illness (annual)","'1+'","Males","2010","12.46","0.07","12.44","12.48","2,134,080","17,232,570",
"Canada","Use of health services for mental illness (annual)","'1+'","Both sexes","2011","14.59","0.04","14.57","14.60","5,177,820","35,316,360",
"Canada","Use of health services for mental illness (annual)","'1+'","Females","2011","16.49","0.06","16.47","16.51","2,987,190","17,838,880",
"Canada","Use of health services for mental illness (annual)","'1+'","Males","2011","12.59","0.07","12.57","12.61","2,190,630","17,477,480",
"Canada","Use of health services for mental illness (annual)","'1+'","Both sexes","2012","14.42","0.04","14.41","14.43","5,197,510","35,810,840",
"Canada","Use of health services for mental illness (annual)","'1+'","Females","2012","16.28","0.06","16.26","16.30","2,991,480","18,076,710",
"Canada","Use of health services for mental illness (annual)","'1+'","Males","2012","12.48","0.07","12.46","12.50","2,206,030","17,734,140",
"Canada","Use of health services for mental illness (annual)","'1+'","Both sexes","2013","14.57","0.04","14.56","14.58","5,324,920","36,272,630",
"Canada","Use of health services for mental illness (annual)","'1+'","Females","2013","16.44","0.06","16.42","16.46","3,060,170","18,298,250",
"Canada","Use of health services for mental illness (annual)","'1+'","Males","2013","12.63","0.07","12.61","12.64","2,264,750","17,974,370",
"Canada","Use of health services for mental illness (annual)","'1+'","Both sexes","2014","14.63","0.04","14.62","14.64","5,410,810","36,676,250",
"Canada","Use of health services for mental illness (annual)","'1+'","Females","2014","16.45","0.06","16.43","16.46","3,098,350","18,497,660",
"Canada","Use of health services for mental illness (annual)","'1+'","Males","2014","12.74","0.07","12.73","12.76","2,312,460","18,178,590",
"Canada","Use of health services for mental illness (annual)","'1+'","Both sexes","2015","15.01","0.04","14.99","15.02","5,434,050","35,899,200",
"Canada","Use of health services for mental illness (annual)","'1+'","Females","2015","16.80","0.06","16.78","16.82","3,099,140","18,110,310",
"Canada","Use of health services for mental illness (annual)","'1+'","Males","2015","13.14","0.07","13.12","13.15","2,334,910","17,788,880",
"Newfoundland and Labrador","Use of health services for mental illness (annual)","'1+'","Both sexes","2000","9.82","0.45","9.73","9.91","49,690","522,980",
"Newfoundland and Labrador","Use of health services for mental illness (annual)","'1+'","Females","2000","12.04","0.57","11.91","12.18","31,270","264,850",
"Newfoundland and Labrador","Use of health services for mental illness (annual)","'1+'","Males","2000","7.49","0.75","7.38","7.60","18,430","258,140",
"Newfoundland and Labrador","Use of health services for mental illness (annual)","'1+'","Both sexes","2001","8.95","0.48","8.87","9.04","45,160","517,350",
"Newfoundland and Labrador","Use of health services for mental illness (annual)","'1+'","Females","2001","11.00","0.60","10.87","11.12","28,560","262,520",
"Newfoundland and Labrador","Use of health services for mental illness (annual)","'1+'","Males","2001","6.79","0.79","6.68","6.90","16,600","254,830",
"Newfoundland and Labrador","Use of health services for mental illness (annual)","'1+'","Both sexes","2002","9.36","0.46","9.28","9.45","47,440","514,860",
"Newfoundland and Labrador","Use of health services for mental illness (annual)","'1+'","Females","2002","11.55","0.58","11.42","11.68","30,110","261,260",
"Newfoundland and Labrador","Use of health services for mental illness (annual)","'1+'","Males","2002","7.06","0.77","6.95","7.16","17,320","253,590",
"Newfoundland and Labrador","Use of health services for mental illness (annual)","'1+'","Both sexes","2003","8.81","0.47","8.73","8.89","44,910","513,840",
"Newfoundland and Labrador","Use of health services for mental illness (annual)","'1+'","Females","2003","10.81","0.60","10.68","10.94","28,310","260,630",
"Newfoundland and Labrador","Use of health services for mental illness (annual)","'1+'","Males","2003","6.70","0.79","6.60","6.80","16,600","253,220",
"Newfoundland and Labrador","Use of health services for mental illness (annual)","'1+'","Both sexes","2004","9.63","0.45","9.54","9.71","49,290","512,820",
"Newfoundland and Labrador","Use of health services for mental illness (annual)","'1+'","Females","2004","11.85","0.57","11.72","11.98","31,160","260,100",
"Newfoundland and Labrador","Use of health services for mental illness (annual)","'1+'","Males","2004","7.28","0.75","7.17","7.39","18,130","252,720",
"Newfoundland and Labrador","Use of health services for mental illness (annual)","'1+'","Both sexes","2005","9.95","0.45","9.86","10.04","50,930","509,850",
"Newfoundland and Labrador","Use of health services for mental illness (annual)","'1+'","Females","2005","12.35","0.56","12.21","12.48","32,440","258,540",
"Newfoundland and Labrador","Use of health services for mental illness (annual)","'1+'","Males","2005","7.42","0.74","7.31","7.53","18,480","251,300",
"Newfoundland and Labrador","Use of health services for mental illness (annual)","'1+'","Both sexes","2006","10.27","0.44","10.18","10.36","52,360","506,170",
"Newfoundland and Labrador","Use of health services for mental illness (annual)","'1+'","Females","2006","12.67","0.55","12.53","12.80","33,210","256,930",
"Newfoundland and Labrador","Use of health services for mental illness (annual)","'1+'","Males","2006","7.74","0.73","7.63","7.85","19,160","249,240",
"Newfoundland and Labrador","Use of health services for mental illness (annual)","'1+'","Both sexes","2007","10.58","0.43","10.49","10.67","53,860","504,510",
"Newfoundland and Labrador","Use of health services for mental illness (annual)","'1+'","Females","2007","12.93","0.55","12.79","13.07","33,920","256,480",
"Newfoundland and Labrador","Use of health services for mental illness (annual)","'1+'","Males","2007","8.08","0.72","7.97","8.20","19,940","248,030",
"Newfoundland and Labrador","Use of health services for mental illness (annual)","'1+'","Both sexes","2008","10.40","0.42","10.32","10.49","56,510","534,100",
"Newfoundland and Labrador","Use of health services for mental illness (annual)","'1+'","Females","2008","12.77","0.53","12.64","12.91","35,470","270,270",
"Newfoundland and Labrador","Use of health services for mental illness (annual)","'1+'","Males","2008","7.94","0.69","7.84","8.05","21,030","263,820",
"Newfoundland and Labrador","Use of health services for mental illness (annual)","'1+'","Both sexes","2009","10.75","0.41","10.67","10.84","58,910","538,620",
"Newfoundland and Labrador","Use of health services for mental illness (annual)","'1+'","Females","2009","13.04","0.53","12.90","13.17","36,480","272,160",
"Newfoundland and Labrador","Use of health services for mental illness (annual)","'1+'","Males","2009","8.39","0.67","8.28","8.50","22,430","266,460",
"Newfoundland and Labrador","Use of health services for mental illness (annual)","'1+'","Both sexes","2010","11.17","0.40","11.09","11.26","61,670","542,550",
"Newfoundland and Labrador","Use of health services for mental illness (annual)","'1+'","Females","2010","13.50","0.52","13.37","13.64","38,030","273,950",
"Newfoundland and Labrador","Use of health services for mental illness (annual)","'1+'","Males","2010","8.77","0.65","8.66","8.88","23,640","268,610",
"Newfoundland and Labrador","Use of health services for mental illness (annual)","'1+'","Both sexes","2011","11.57","0.40","11.48","11.66","64,060","545,520",
"Newfoundland and Labrador","Use of health services for mental illness (annual)","'1+'","Females","2011","13.93","0.51","13.79","14.07","39,350","275,450",
"Newfoundland and Labrador","Use of health services for mental illness (annual)","'1+'","Males","2011","9.13","0.64","9.02","9.25","24,710","270,080",
"Newfoundland and Labrador","Use of health services for mental illness (annual)","'1+'","Both sexes","2012","11.80","0.39","11.71","11.89","65,410","546,960",
"Newfoundland and Labrador","Use of health services for mental illness (annual)","'1+'","Females","2012","14.21","0.50","14.07","14.35","40,180","276,220",
"Newfoundland and Labrador","Use of health services for mental illness (annual)","'1+'","Males","2012","9.31","0.63","9.19","9.43","25,230","270,750",
"Newfoundland and Labrador","Use of health services for mental illness (annual)","'1+'","Both sexes","2013","12.43","0.38","12.34","12.53","68,790","547,070",
"Newfoundland and Labrador","Use of health services for mental illness (annual)","'1+'","Females","2013","15.04","0.49","14.89","15.19","42,370","276,110",
"Newfoundland and Labrador","Use of health services for mental illness (annual)","'1+'","Males","2013","9.75","0.62","9.63","9.87","26,410","270,940",
"Newfoundland and Labrador","Use of health services for mental illness (annual)","'1+'","Both sexes","2014","13.58","0.37","13.49","13.68","74,680","543,820",
"Newfoundland and Labrador","Use of health services for mental illness (annual)","'1+'","Females","2014","16.45","0.47","16.30","16.60","46,050","274,740",
"Newfoundland and Labrador","Use of health services for mental illness (annual)","'1+'","Males","2014","10.64","0.60","10.52","10.77","28,630","269,080",
"Newfoundland and Labrador","Use of health services for mental illness (annual)","'1+'","Both sexes","2015","14.98","0.35","14.88","15.08","81,670","540,990",
"Newfoundland and Labrador","Use of health services for mental illness (annual)","'1+'","Females","2015","18.08","0.45","17.91","18.24","50,110","273,240",
"Newfoundland and Labrador","Use of health services for mental illness (annual)","'1+'","Males","2015","11.81","0.57","11.67","11.94","31,570","267,760",
"Prince Edward Island","Use of health services for mental illness (annual)","'1+'","Both sexes","2000","13.84","0.73","13.65","14.04","19,110","141,780",
"Prince Edward Island","Use of health services for mental illness (annual)","'1+'","Females","2000","15.61","0.96","15.31","15.91","11,010","71,990",
"Prince Edward Island","Use of health services for mental illness (annual)","'1+'","Males","2000","12.02","1.13","11.75","12.29","8,100","69,790",
"Prince Edward Island","Use of health services for mental illness (annual)","'1+'","Both sexes","2001","14.17","0.72","13.97","14.37","19,650","141,490",
"Prince Edward Island","Use of health services for mental illness (annual)","'1+'","Females","2001","15.98","0.95","15.68","16.28","11,340","71,940",
"Prince Edward Island","Use of health services for mental illness (annual)","'1+'","Males","2001","12.27","1.11","12.01","12.54","8,310","69,550",
"Prince Edward Island","Use of health services for mental illness (annual)","'1+'","Both sexes","2002","14.67","0.70","14.47","14.87","20,370","141,340",
"Prince Edward Island","Use of health services for mental illness (annual)","'1+'","Females","2002","16.47","0.93","16.17","16.77","11,750","71,940",
"Prince Edward Island","Use of health services for mental illness (annual)","'1+'","Males","2002","12.78","1.09","12.51","13.06","8,630","69,410",
"Prince Edward Island","Use of health services for mental illness (annual)","'1+'","Both sexes","2003","14.97","0.69","14.77","15.18","21,050","142,750",
"Prince Edward Island","Use of health services for mental illness (annual)","'1+'","Females","2003","16.68","0.92","16.38","16.99","12,050","72,690",
"Prince Edward Island","Use of health services for mental illness (annual)","'1+'","Males","2003","13.18","1.06","12.91","13.46","9,000","70,060",
"Prince Edward Island","Use of health services for mental illness (annual)","'1+'","Both sexes","2004","14.71","0.69","14.51","14.91","20,820","143,340",
"Prince Edward Island","Use of health services for mental illness (annual)","'1+'","Females","2004","16.49","0.92","16.20","16.79","11,970","73,040",
"Prince Edward Island","Use of health services for mental illness (annual)","'1+'","Males","2004","12.86","1.07","12.59","13.13","8,840","70,290",
"Prince Edward Island","Use of health services for mental illness (annual)","'1+'","Both sexes","2005","14.23","0.70","14.03","14.42","20,240","143,340",
"Prince Edward Island","Use of health services for mental illness (annual)","'1+'","Females","2005","16.04","0.93","15.75","16.34","11,720","73,070",
"Prince Edward Island","Use of health services for mental illness (annual)","'1+'","Males","2005","12.32","1.09","12.05","12.58","8,510","70,270",
"Prince Edward Island","Use of health services for mental illness (annual)","'1+'","Both sexes","2006","13.95","0.71","13.76","14.14","19,990","143,780",
"Prince Edward Island","Use of health services for mental illness (annual)","'1+'","Females","2006","15.59","0.94","15.31","15.88","11,480","73,230",
"Prince Edward Island","Use of health services for mental illness (annual)","'1+'","Males","2006","12.22","1.09","11.96","12.48","8,510","70,560",
"Prince Edward Island","Use of health services for mental illness (annual)","'1+'","Both sexes","2007","14.31","0.69","14.12","14.51","20,750","145,130",
"Prince Edward Island","Use of health services for mental illness (annual)","'1+'","Females","2007","16.00","0.92","15.71","16.29","11,940","73,920",
"Prince Edward Island","Use of health services for mental illness (annual)","'1+'","Males","2007","12.53","1.07","12.27","12.80","8,820","71,220",
"Prince Edward Island","Use of health services for mental illness (annual)","'1+'","Both sexes","2008","15.45","0.66","15.25","15.66","22,830","147,530",
"Prince Edward Island","Use of health services for mental illness (annual)","'1+'","Females","2008","17.40","0.87","17.10","17.70","13,200","75,160",
"Prince Edward Island","Use of health services for mental illness (annual)","'1+'","Males","2008","13.41","1.02","13.14","13.68","9,630","72,380",
"Prince Edward Island","Use of health services for mental illness (annual)","'1+'","Both sexes","2009","15.60","0.66","15.40","15.80","23,330","148,920",
"Prince Edward Island","Use of health services for mental illness (annual)","'1+'","Females","2009","17.41","0.87","17.12","17.71","13,370","75,820",
"Prince Edward Island","Use of health services for mental illness (annual)","'1+'","Males","2009","13.68","1.00","13.41","13.95","9,960","73,100",
"Prince Edward Island","Use of health services for mental illness (annual)","'1+'","Both sexes","2010","16.02","0.64","15.82","16.23","24,260","150,470",
"Prince Edward Island","Use of health services for mental illness (annual)","'1+'","Females","2010","17.74","0.86","17.44","18.04","13,830","76,730",
"Prince Edward Island","Use of health services for mental illness (annual)","'1+'","Males","2010","14.18","0.98","13.91","14.46","10,430","73,740",
"Prince Edward Island","Use of health services for mental illness (annual)","'1+'","Both sexes","2011","16.67","0.63","16.47","16.88","25,480","151,700",
"Prince Edward Island","Use of health services for mental illness (annual)","'1+'","Females","2011","18.54","0.83","18.24","18.84","14,550","77,340",
"Prince Edward Island","Use of health services for mental illness (annual)","'1+'","Males","2011","14.69","0.96","14.42","14.97","10,930","74,370",
"Prince Edward Island","Use of health services for mental illness (annual)","'1+'","Both sexes","2012","17.32","0.61","17.11","17.53","26,750","152,870",
"Prince Edward Island","Use of health services for mental illness (annual)","'1+'","Females","2012","19.21","0.82","18.90","19.52","15,220","77,940",
"Prince Edward Island","Use of health services for mental illness (annual)","'1+'","Males","2012","15.34","0.93","15.06","15.62","11,530","74,930",
"Prince Edward Island","Use of health services for mental illness (annual)","'1+'","Both sexes","2013","17.27","0.61","17.06","17.48","26,780","153,380",
"Prince Edward Island","Use of health services for mental illness (annual)","'1+'","Females","2013","19.41","0.81","19.10","19.72","15,420","78,120",
"Prince Edward Island","Use of health services for mental illness (annual)","'1+'","Males","2013","15.04","0.94","14.76","15.32","11,350","75,250",
"Prince Edward Island","Use of health services for mental illness (annual)","'1+'","Both sexes","2014","17.56","0.61","17.35","17.77","27,270","153,610",
"Prince Edward Island","Use of health services for mental illness (annual)","'1+'","Females","2014","19.71","0.81","19.40","20.02","15,690","78,280",
"Prince Edward Island","Use of health services for mental illness (annual)","'1+'","Males","2014","15.32","0.93","15.04","15.61","11,590","75,340",
"Prince Edward Island","Use of health services for mental illness (annual)","'1+'","Both sexes","2015","18.13","0.60","17.91","18.34","28,110","153,640",
"Prince Edward Island","Use of health services for mental illness (annual)","'1+'","Females","2015","20.26","0.80","19.94","20.58","16,070","78,300",
"Prince Edward Island","Use of health services for mental illness (annual)","'1+'","Males","2015","15.91","0.92","15.63","16.20","12,050","75,350",
"Nova Scotia","Use of health services for mental illness (annual)","'1+'","Both sexes","2000","15.63","0.26","15.55","15.71","147,880","954,520",
"Nova Scotia","Use of health services for mental illness (annual)","'1+'","Females","2000","18.90","0.33","18.77","19.02","92,450","490,560",
"Nova Scotia","Use of health services for mental illness (annual)","'1+'","Males","2000","12.15","0.43","12.05","12.25","55,430","463,970",
"Nova Scotia","Use of health services for mental illness (annual)","'1+'","Both sexes","2001","15.85","0.26","15.77","15.93","150,860","957,210",
"Nova Scotia","Use of health services for mental illness (annual)","'1+'","Females","2001","19.23","0.33","19.11","19.35","94,610","491,620",
"Nova Scotia","Use of health services for mental illness (annual)","'1+'","Males","2001","12.25","0.43","12.15","12.35","56,270","465,610",
"Nova Scotia","Use of health services for mental illness (annual)","'1+'","Both sexes","2002","16.32","0.25","16.24","16.40","156,330","960,630",
"Nova Scotia","Use of health services for mental illness (annual)","'1+'","Females","2002","19.75","0.32","19.62","19.87","97,700","493,180",
"Nova Scotia","Use of health services for mental illness (annual)","'1+'","Males","2002","12.67","0.42","12.57","12.78","58,640","467,460",
"Nova Scotia","Use of health services for mental illness (annual)","'1+'","Both sexes","2003","16.37","0.25","16.29","16.45","158,000","964,850",
"Nova Scotia","Use of health services for mental illness (annual)","'1+'","Females","2003","19.80","0.32","19.68","19.92","98,700","495,070",
"Nova Scotia","Use of health services for mental illness (annual)","'1+'","Males","2003","12.74","0.41","12.63","12.84","59,300","469,770",
"Nova Scotia","Use of health services for mental illness (annual)","'1+'","Both sexes","2004","16.53","0.25","16.45","16.61","160,620","969,260",
"Nova Scotia","Use of health services for mental illness (annual)","'1+'","Females","2004","19.92","0.32","19.79","20.04","99,890","497,190",
"Nova Scotia","Use of health services for mental illness (annual)","'1+'","Males","2004","12.95","0.41","12.85","13.05","60,730","472,080",
"Nova Scotia","Use of health services for mental illness (annual)","'1+'","Both sexes","2005","16.96","0.25","16.88","17.04","165,630","972,450",
"Nova Scotia","Use of health services for mental illness (annual)","'1+'","Females","2005","20.50","0.31","20.38","20.63","103,370","498,770",
"Nova Scotia","Use of health services for mental illness (annual)","'1+'","Males","2005","13.21","0.40","13.11","13.31","62,270","473,690",
"Nova Scotia","Use of health services for mental illness (annual)","'1+'","Both sexes","2006","16.94","0.25","16.86","17.02","166,340","975,810",
"Nova Scotia","Use of health services for mental illness (annual)","'1+'","Females","2006","20.52","0.31","20.39","20.65","104,120","500,590",
"Nova Scotia","Use of health services for mental illness (annual)","'1+'","Males","2006","13.13","0.40","13.03","13.24","62,210","475,210",
"Nova Scotia","Use of health services for mental illness (annual)","'1+'","Both sexes","2007","17.20","0.24","17.11","17.28","169,420","977,410",
"Nova Scotia","Use of health services for mental illness (annual)","'1+'","Females","2007","20.75","0.31","20.63","20.88","105,750","501,500",
"Nova Scotia","Use of health services for mental illness (annual)","'1+'","Males","2007","13.40","0.40","13.30","13.51","63,680","475,910",
"Nova Scotia","Use of health services for mental illness (annual)","'1+'","Both sexes","2008","17.21","0.24","17.13","17.29","170,770","982,770",
"Nova Scotia","Use of health services for mental illness (annual)","'1+'","Females","2008","20.68","0.31","20.56","20.81","106,120","503,920",
"Nova Scotia","Use of health services for mental illness (annual)","'1+'","Males","2008","13.51","0.39","13.40","13.61","64,650","478,850",
"Nova Scotia","Use of health services for mental illness (annual)","'1+'","Both sexes","2009","17.35","0.24","17.27","17.44","173,350","987,920",
"Nova Scotia","Use of health services for mental illness (annual)","'1+'","Females","2009","20.61","0.31","20.49","20.74","106,480","506,070",
"Nova Scotia","Use of health services for mental illness (annual)","'1+'","Males","2009","13.88","0.39","13.78","13.99","66,870","481,840",
"Nova Scotia","Use of health services for mental illness (annual)","'1+'","Both sexes","2010","17.50","0.24","17.42","17.58","176,300","995,360",
"Nova Scotia","Use of health services for mental illness (annual)","'1+'","Females","2010","20.79","0.31","20.67","20.92","108,330","509,360",
"Nova Scotia","Use of health services for mental illness (annual)","'1+'","Males","2010","13.99","0.38","13.88","14.09","67,970","486,000",
"Nova Scotia","Use of health services for mental illness (annual)","'1+'","Both sexes","2011","17.74","0.24","17.66","17.82","179,700","1,001,220",
"Nova Scotia","Use of health services for mental illness (annual)","'1+'","Females","2011","21.05","0.30","20.92","21.17","110,200","512,150",
"Nova Scotia","Use of health services for mental illness (annual)","'1+'","Males","2011","14.22","0.38","14.12","14.33","69,500","489,070",
"Nova Scotia","Use of health services for mental illness (annual)","'1+'","Both sexes","2012","17.49","0.24","17.40","17.57","177,920","1,005,450",
"Nova Scotia","Use of health services for mental illness (annual)","'1+'","Females","2012","20.69","0.31","20.56","20.81","108,850","514,170",
"Nova Scotia","Use of health services for mental illness (annual)","'1+'","Males","2012","14.07","0.38","13.97","14.18","69,070","491,270",
"Nova Scotia","Use of health services for mental illness (annual)","'1+'","Both sexes","2013","17.62","0.24","17.54","17.70","180,050","1,009,910",
"Nova Scotia","Use of health services for mental illness (annual)","'1+'","Females","2013","20.79","0.31","20.67","20.92","109,840","515,950",
"Nova Scotia","Use of health services for mental illness (annual)","'1+'","Males","2013","14.24","0.38","14.14","14.35","70,220","493,980",
"Nova Scotia","Use of health services for mental illness (annual)","'1+'","Both sexes","2014","17.69","0.24","17.61","17.77","181,230","1,012,790",
"Nova Scotia","Use of health services for mental illness (annual)","'1+'","Females","2014","20.80","0.31","20.68","20.93","110,060","517,320",
"Nova Scotia","Use of health services for mental illness (annual)","'1+'","Males","2014","14.39","0.38","14.28","14.50","71,170","495,470",
"Nova Scotia","Use of health services for mental illness (annual)","'1+'","Both sexes","2015","18.36","0.23","18.28","18.45","188,730","1,017,410",
"Nova Scotia","Use of health services for mental illness (annual)","'1+'","Females","2015","21.53","0.30","21.40","21.65","114,130","519,240",
"Nova Scotia","Use of health services for mental illness (annual)","'1+'","Males","2015","15.01","0.37","14.90","15.12","74,590","498,150",
"New Brunswick","Use of health services for mental illness (annual)","'1+'","Both sexes","2000","10.99","0.35","10.92","11.07","82,170","757,330",
"New Brunswick","Use of health services for mental illness (annual)","'1+'","Females","2000","13.34","0.45","13.22","13.46","51,120","384,840",
"New Brunswick","Use of health services for mental illness (annual)","'1+'","Males","2000","8.55","0.58","8.46","8.65","31,040","372,470",
"New Brunswick","Use of health services for mental illness (annual)","'1+'","Both sexes","2001","11.26","0.35","11.19","11.34","84,440","755,630",
"New Brunswick","Use of health services for mental illness (annual)","'1+'","Females","2001","13.67","0.44","13.56","13.79","52,610","384,380",
"New Brunswick","Use of health services for mental illness (annual)","'1+'","Males","2001","8.76","0.57","8.66","8.85","31,830","371,260",
"New Brunswick","Use of health services for mental illness (annual)","'1+'","Both sexes","2002","11.63","0.34","11.56","11.71","87,520","755,160",
"New Brunswick","Use of health services for mental illness (annual)","'1+'","Females","2002","14.07","0.43","13.95","14.19","54,300","384,160",
"New Brunswick","Use of health services for mental illness (annual)","'1+'","Males","2002","9.10","0.55","9.00","9.20","33,220","371,000",
"New Brunswick","Use of health services for mental illness (annual)","'1+'","Both sexes","2003","11.80","0.34","11.73","11.88","89,190","755,660",
"New Brunswick","Use of health services for mental illness (annual)","'1+'","Females","2003","14.25","0.43","14.13","14.37","55,260","384,260",
"New Brunswick","Use of health services for mental illness (annual)","'1+'","Males","2003","9.25","0.55","9.15","9.35","33,930","371,410",
"New Brunswick","Use of health services for mental illness (annual)","'1+'","Both sexes","2004","11.37","0.34","11.30","11.45","86,260","756,050",
"New Brunswick","Use of health services for mental illness (annual)","'1+'","Females","2004","13.70","0.44","13.58","13.81","53,320","384,760",
"New Brunswick","Use of health services for mental illness (annual)","'1+'","Males","2004","8.94","0.55","8.84","9.04","32,930","371,290",
"New Brunswick","Use of health services for mental illness (annual)","'1+'","Both sexes","2005","11.66","0.34","11.58","11.74","88,790","756,670",
"New Brunswick","Use of health services for mental illness (annual)","'1+'","Females","2005","13.99","0.43","13.88","14.11","54,670","384,850",
"New Brunswick","Use of health services for mental illness (annual)","'1+'","Males","2005","9.22","0.54","9.12","9.32","34,130","371,830",
"New Brunswick","Use of health services for mental illness (annual)","'1+'","Both sexes","2006","11.57","0.34","11.49","11.64","88,180","755,360",
"New Brunswick","Use of health services for mental illness (annual)","'1+'","Females","2006","13.81","0.43","13.69","13.93","54,020","383,970",
"New Brunswick","Use of health services for mental illness (annual)","'1+'","Males","2006","9.21","0.54","9.12","9.31","34,150","371,390",
"New Brunswick","Use of health services for mental illness (annual)","'1+'","Both sexes","2007","11.51","0.34","11.43","11.58","88,090","756,390",
"New Brunswick","Use of health services for mental illness (annual)","'1+'","Females","2007","13.70","0.43","13.58","13.82","53,820","384,320",
"New Brunswick","Use of health services for mental illness (annual)","'1+'","Males","2007","9.20","0.54","9.11","9.30","34,260","372,070",
"New Brunswick","Use of health services for mental illness (annual)","'1+'","Both sexes","2008","11.65","0.33","11.58","11.73","89,820","759,840",
"New Brunswick","Use of health services for mental illness (annual)","'1+'","Females","2008","13.87","0.43","13.75","13.98","54,780","385,960",
"New Brunswick","Use of health services for mental illness (annual)","'1+'","Males","2008","9.35","0.54","9.25","9.44","35,020","373,860",
"New Brunswick","Use of health services for mental illness (annual)","'1+'","Both sexes","2009","12.25","0.33","12.17","12.33","93,920","755,910",
"New Brunswick","Use of health services for mental illness (annual)","'1+'","Females","2009","14.54","0.42","14.42","14.66","57,280","384,450",
"New Brunswick","Use of health services for mental illness (annual)","'1+'","Males","2009","9.85","0.52","9.75","9.95","36,640","371,460",
"New Brunswick","Use of health services for mental illness (annual)","'1+'","Both sexes","2010","12.45","0.32","12.37","12.53","96,080","759,470",
"New Brunswick","Use of health services for mental illness (annual)","'1+'","Females","2010","14.69","0.42","14.57","14.81","58,150","385,220",
"New Brunswick","Use of health services for mental illness (annual)","'1+'","Males","2010","10.11","0.52","10.01","10.21","37,940","374,270",
"New Brunswick","Use of health services for mental illness (annual)","'1+'","Both sexes","2011","13.12","0.31","13.04","13.20","102,110","765,550",
"New Brunswick","Use of health services for mental illness (annual)","'1+'","Females","2011","15.42","0.41","15.30","15.54","61,560","388,330",
"New Brunswick","Use of health services for mental illness (annual)","'1+'","Males","2011","10.72","0.50","10.61","10.82","40,560","377,220",
"New Brunswick","Use of health services for mental illness (annual)","'1+'","Both sexes","2012","13.63","0.31","13.55","13.72","106,240","765,860",
"New Brunswick","Use of health services for mental illness (annual)","'1+'","Females","2012","15.94","0.40","15.81","16.06","63,600","388,270",
"New Brunswick","Use of health services for mental illness (annual)","'1+'","Males","2012","11.24","0.49","11.13","11.35","42,640","377,590",
"New Brunswick","Use of health services for mental illness (annual)","'1+'","Both sexes","2013","14.05","0.31","13.97","14.14","109,340","765,290",
"New Brunswick","Use of health services for mental illness (annual)","'1+'","Females","2013","16.39","0.40","16.27","16.52","65,210","387,750",
"New Brunswick","Use of health services for mental illness (annual)","'1+'","Males","2013","11.64","0.48","11.53","11.75","44,130","377,530",
"New Brunswick","Use of health services for mental illness (annual)","'1+'","Both sexes","2014","14.72","0.30","14.64","14.81","114,790","766,630",
"New Brunswick","Use of health services for mental illness (annual)","'1+'","Females","2014","17.16","0.39","17.02","17.29","68,400","388,760",
"New Brunswick","Use of health services for mental illness (annual)","'1+'","Males","2014","12.21","0.47","12.10","12.32","46,390","377,870",
"New Brunswick","Use of health services for mental illness (annual)","'1+'","Both sexes","2015","15.44","0.29","15.35","15.53","120,840","772,040",
"New Brunswick","Use of health services for mental illness (annual)","'1+'","Females","2015","18.10","0.38","17.97","18.24","72,270","391,120",
"New Brunswick","Use of health services for mental illness (annual)","'1+'","Males","2015","12.70","0.46","12.58","12.81","48,570","380,920",
"Quebec","Use of health services for mental illness (annual)","'1+'","Both sexes","2000","11.55","0.11","11.52","11.57","839,770","7,355,640",
"Quebec","Use of health services for mental illness (annual)","'1+'","Females","2000","13.41","0.14","13.37","13.44","502,260","3,739,000",
"Quebec","Use of health services for mental illness (annual)","'1+'","Males","2000","9.58","0.18","9.54","9.61","337,510","3,616,630",
"Quebec","Use of health services for mental illness (annual)","'1+'","Both sexes","2001","11.76","0.11","11.74","11.79","863,380","7,388,180",
"Quebec","Use of health services for mental illness (annual)","'1+'","Females","2001","13.59","0.14","13.55","13.63","513,600","3,754,590",
"Quebec","Use of health services for mental illness (annual)","'1+'","Males","2001","9.83","0.17","9.79","9.86","349,770","3,633,570",
"Quebec","Use of health services for mental illness (annual)","'1+'","Both sexes","2002","11.74","0.11","11.71","11.76","868,680","7,424,760",
"Quebec","Use of health services for mental illness (annual)","'1+'","Females","2002","13.51","0.14","13.48","13.55","514,560","3,772,560",
"Quebec","Use of health services for mental illness (annual)","'1+'","Males","2002","9.85","0.17","9.82","9.89","354,120","3,652,210",
"Quebec","Use of health services for mental illness (annual)","'1+'","Both sexes","2003","11.61","0.11","11.58","11.63","866,400","7,468,050",
"Quebec","Use of health services for mental illness (annual)","'1+'","Females","2003","13.27","0.14","13.24","13.31","509,790","3,793,730",
"Quebec","Use of health services for mental illness (annual)","'1+'","Males","2003","9.84","0.17","9.81","9.87","356,610","3,674,330",
"Quebec","Use of health services for mental illness (annual)","'1+'","Both sexes","2004","11.45","0.11","11.42","11.47","861,850","7,514,690",
"Quebec","Use of health services for mental illness (annual)","'1+'","Females","2004","12.98","0.14","12.95","13.02","502,960","3,816,490",
"Quebec","Use of health services for mental illness (annual)","'1+'","Males","2004","9.82","0.17","9.79","9.85","358,880","3,698,180",
"Quebec","Use of health services for mental illness (annual)","'1+'","Both sexes","2005","11.50","0.11","11.48","11.53","872,800","7,557,570",
"Quebec","Use of health services for mental illness (annual)","'1+'","Females","2005","13.00","0.14","12.96","13.03","507,360","3,838,370",
"Quebec","Use of health services for mental illness (annual)","'1+'","Males","2005","9.92","0.17","9.88","9.95","365,440","3,719,190",
"Quebec","Use of health services for mental illness (annual)","'1+'","Both sexes","2006","11.50","0.11","11.48","11.53","880,110","7,608,500",
"Quebec","Use of health services for mental illness (annual)","'1+'","Females","2006","12.97","0.14","12.94","13.01","510,980","3,863,590",
"Quebec","Use of health services for mental illness (annual)","'1+'","Males","2006","9.93","0.17","9.90","9.97","369,130","3,744,900",
"Quebec","Use of health services for mental illness (annual)","'1+'","Both sexes","2007","11.60","0.11","11.57","11.62","893,820","7,653,320",
"Quebec","Use of health services for mental illness (annual)","'1+'","Females","2007","13.06","0.14","13.03","13.10","518,340","3,885,630",
"Quebec","Use of health services for mental illness (annual)","'1+'","Males","2007","10.03","0.16","10.00","10.06","375,480","3,767,690",
"Quebec","Use of health services for mental illness (annual)","'1+'","Both sexes","2008","11.58","0.11","11.55","11.60","899,290","7,704,800",
"Quebec","Use of health services for mental illness (annual)","'1+'","Females","2008","12.99","0.14","12.95","13.03","519,600","3,911,610",
"Quebec","Use of health services for mental illness (annual)","'1+'","Males","2008","10.06","0.16","10.03","10.09","379,680","3,793,180",
"Quebec","Use of health services for mental illness (annual)","'1+'","Both sexes","2009","11.50","0.11","11.48","11.53","902,140","7,770,750",
"Quebec","Use of health services for mental illness (annual)","'1+'","Females","2009","12.87","0.14","12.83","12.90","519,380","3,942,840",
"Quebec","Use of health services for mental illness (annual)","'1+'","Males","2009","10.04","0.16","10.01","10.07","382,770","3,827,930",
"Quebec","Use of health services for mental illness (annual)","'1+'","Both sexes","2010","11.50","0.10","11.48","11.52","910,940","7,841,140",
"Quebec","Use of health services for mental illness (annual)","'1+'","Females","2010","12.84","0.14","12.81","12.88","523,690","3,976,970",
"Quebec","Use of health services for mental illness (annual)","'1+'","Males","2010","10.06","0.16","10.03","10.09","387,250","3,864,160",
"Quebec","Use of health services for mental illness (annual)","'1+'","Both sexes","2011","11.60","0.10","11.58","11.63","927,250","7,907,280",
"Quebec","Use of health services for mental illness (annual)","'1+'","Females","2011","12.97","0.14","12.93","13.00","532,960","4,008,670",
"Quebec","Use of health services for mental illness (annual)","'1+'","Males","2011","10.15","0.16","10.12","10.19","394,290","3,898,610",
"Quebec","Use of health services for mental illness (annual)","'1+'","Both sexes","2012","11.44","0.10","11.41","11.46","921,190","7,975,910",
"Quebec","Use of health services for mental illness (annual)","'1+'","Females","2012","12.74","0.14","12.71","12.78","527,750","4,041,830",
"Quebec","Use of health services for mental illness (annual)","'1+'","Males","2012","10.05","0.16","10.02","10.08","393,440","3,934,080",
"Quebec","Use of health services for mental illness (annual)","'1+'","Both sexes","2013","11.51","0.10","11.48","11.53","933,820","8,037,390",
"Quebec","Use of health services for mental illness (annual)","'1+'","Females","2013","12.78","0.14","12.74","12.81","533,190","4,070,940",
"Quebec","Use of health services for mental illness (annual)","'1+'","Males","2013","10.15","0.16","10.12","10.19","400,640","3,966,470",
"Quebec","Use of health services for mental illness (annual)","'1+'","Both sexes","2014","11.51","0.10","11.49","11.53","940,860","8,095,470",
"Quebec","Use of health services for mental illness (annual)","'1+'","Females","2014","12.74","0.14","12.71","12.78","535,630","4,099,380",
"Quebec","Use of health services for mental illness (annual)","'1+'","Males","2014","10.20","0.16","10.17","10.23","405,220","3,996,090",
"Quebec","Use of health services for mental illness (annual)","'1+'","Both sexes","2015","11.61","0.10","11.59","11.64","953,110","8,143,110",
"Quebec","Use of health services for mental illness (annual)","'1+'","Females","2015","12.88","0.14","12.85","12.91","542,800","4,121,320",
"Quebec","Use of health services for mental illness (annual)","'1+'","Males","2015","10.27","0.16","10.24","10.30","410,300","4,021,780",
"Ontario","Use of health services for mental illness (annual)","'1+'","Both sexes","2000","16.90","0.07","16.87","16.92","2,024,600","12,292,450",
"Ontario","Use of health services for mental illness (annual)","'1+'","Females","2000","19.52","0.09","19.48","19.55","1,194,130","6,208,650",
"Ontario","Use of health services for mental illness (annual)","'1+'","Males","2000","14.17","0.11","14.13","14.20","830,460","6,083,790",
"Ontario","Use of health services for mental illness (annual)","'1+'","Both sexes","2001","16.72","0.07","16.70","16.74","2,043,400","12,500,950",
"Ontario","Use of health services for mental illness (annual)","'1+'","Females","2001","19.30","0.09","19.26","19.33","1,204,190","6,312,660",
"Ontario","Use of health services for mental illness (annual)","'1+'","Males","2001","14.04","0.11","14.01","14.07","839,210","6,188,280",
"Ontario","Use of health services for mental illness (annual)","'1+'","Both sexes","2002","16.56","0.07","16.53","16.58","2,064,490","12,713,730",
"Ontario","Use of health services for mental illness (annual)","'1+'","Females","2002","19.07","0.09","19.04","19.11","1,213,440","6,420,120",
"Ontario","Use of health services for mental illness (annual)","'1+'","Males","2002","13.93","0.11","13.90","13.96","851,050","6,293,600",
"Ontario","Use of health services for mental illness (annual)","'1+'","Both sexes","2003","16.34","0.07","16.31","16.36","2,073,240","12,901,910",
"Ontario","Use of health services for mental illness (annual)","'1+'","Females","2003","18.75","0.09","18.71","18.78","1,214,610","6,516,780",
"Ontario","Use of health services for mental illness (annual)","'1+'","Males","2003","13.82","0.11","13.79","13.85","858,620","6,385,110",
"Ontario","Use of health services for mental illness (annual)","'1+'","Both sexes","2004","16.16","0.07","16.14","16.18","2,086,400","13,081,520",
"Ontario","Use of health services for mental illness (annual)","'1+'","Females","2004","18.48","0.09","18.45","18.52","1,218,250","6,608,660",
"Ontario","Use of health services for mental illness (annual)","'1+'","Males","2004","13.74","0.11","13.71","13.76","868,150","6,472,860",
"Ontario","Use of health services for mental illness (annual)","'1+'","Both sexes","2005","16.24","0.07","16.22","16.26","2,132,670","13,264,800",
"Ontario","Use of health services for mental illness (annual)","'1+'","Females","2005","18.54","0.09","18.51","18.57","1,242,990","6,701,930",
"Ontario","Use of health services for mental illness (annual)","'1+'","Males","2005","13.83","0.11","13.80","13.86","889,680","6,562,870",
"Ontario","Use of health services for mental illness (annual)","'1+'","Both sexes","2006","16.25","0.07","16.22","16.27","2,138,760","13,262,930",
"Ontario","Use of health services for mental illness (annual)","'1+'","Females","2006","18.50","0.09","18.47","18.53","1,243,560","6,706,250",
"Ontario","Use of health services for mental illness (annual)","'1+'","Males","2006","13.89","0.11","13.86","13.91","895,190","6,556,680",
"Ontario","Use of health services for mental illness (annual)","'1+'","Both sexes","2007","16.07","0.07","16.05","16.09","2,124,810","13,286,180",
"Ontario","Use of health services for mental illness (annual)","'1+'","Females","2007","18.18","0.09","18.15","18.22","1,228,590","6,726,310",
"Ontario","Use of health services for mental illness (annual)","'1+'","Males","2007","13.85","0.11","13.82","13.88","896,220","6,559,870",
"Ontario","Use of health services for mental illness (annual)","'1+'","Both sexes","2008","16.22","0.07","16.20","16.24","2,163,430","13,382,820",
"Ontario","Use of health services for mental illness (annual)","'1+'","Females","2008","18.19","0.09","18.16","18.22","1,240,760","6,777,860",
"Ontario","Use of health services for mental illness (annual)","'1+'","Males","2008","14.14","0.10","14.12","14.17","922,670","6,604,960",
"Ontario","Use of health services for mental illness (annual)","'1+'","Both sexes","2009","16.04","0.07","16.02","16.06","2,173,030","13,552,830",
"Ontario","Use of health services for mental illness (annual)","'1+'","Females","2009","17.86","0.09","17.83","17.89","1,237,960","6,865,160",
"Ontario","Use of health services for mental illness (annual)","'1+'","Males","2009","14.12","0.10","14.09","14.15","935,060","6,687,670",
"Ontario","Use of health services for mental illness (annual)","'1+'","Both sexes","2010","15.75","0.07","15.73","15.77","2,167,200","13,728,500",
"Ontario","Use of health services for mental illness (annual)","'1+'","Females","2010","17.43","0.09","17.40","17.47","1,228,120","6,953,750",
"Ontario","Use of health services for mental illness (annual)","'1+'","Males","2010","13.96","0.10","13.93","13.98","939,090","6,774,760",
"Ontario","Use of health services for mental illness (annual)","'1+'","Both sexes","2011","15.75","0.07","15.73","15.77","2,202,530","13,913,460",
"Ontario","Use of health services for mental illness (annual)","'1+'","Females","2011","17.36","0.09","17.33","17.39","1,242,400","7,045,890",
"Ontario","Use of health services for mental illness (annual)","'1+'","Males","2011","14.04","0.10","14.01","14.07","960,130","6,867,570",
"Ontario","Use of health services for mental illness (annual)","'1+'","Both sexes","2012","15.46","0.07","15.44","15.48","2,196,080","14,096,810",
"Ontario","Use of health services for mental illness (annual)","'1+'","Females","2012","17.03","0.09","17.00","17.06","1,237,600","7,137,800",
"Ontario","Use of health services for mental illness (annual)","'1+'","Males","2012","13.80","0.10","13.78","13.83","958,470","6,959,000",
"Ontario","Use of health services for mental illness (annual)","'1+'","Both sexes","2013","15.64","0.07","15.62","15.66","2,250,900","14,261,030",
"Ontario","Use of health services for mental illness (annual)","'1+'","Females","2013","17.23","0.09","17.20","17.26","1,267,980","7,220,820",
"Ontario","Use of health services for mental illness (annual)","'1+'","Males","2013","13.96","0.10","13.94","13.99","982,920","7,040,220",
"Ontario","Use of health services for mental illness (annual)","'1+'","Both sexes","2014","15.64","0.07","15.62","15.66","2,269,300","14,362,590",
"Ontario","Use of health services for mental illness (annual)","'1+'","Females","2014","17.14","0.09","17.11","17.17","1,272,720","7,274,070",
"Ontario","Use of health services for mental illness (annual)","'1+'","Males","2014","14.05","0.10","14.03","14.08","996,580","7,088,510",
"Ontario","Use of health services for mental illness (annual)","'1+'","Both sexes","2015","15.94","0.07","15.92","15.96","2,338,310","14,511,580",
"Ontario","Use of health services for mental illness (annual)","'1+'","Females","2015","17.41","0.09","17.38","17.44","1,306,060","7,347,990",
"Ontario","Use of health services for mental illness (annual)","'1+'","Males","2015","14.39","0.10","14.36","14.42","1,032,240","7,163,570",
"Manitoba","Use of health services for mental illness (annual)","'1+'","Both sexes","2000","13.75","0.26","13.68","13.82","155,720","1,171,370",
"Manitoba","Use of health services for mental illness (annual)","'1+'","Females","2000","16.37","0.33","16.27","16.48","94,610","592,940",
"Manitoba","Use of health services for mental illness (annual)","'1+'","Males","2000","11.03","0.41","10.94","11.11","61,110","578,420",
"Manitoba","Use of health services for mental illness (annual)","'1+'","Both sexes","2001","14.06","0.25","13.99","14.13","160,130","1,174,510",
"Manitoba","Use of health services for mental illness (annual)","'1+'","Females","2001","16.70","0.33","16.60","16.81","97,090","594,560",
"Manitoba","Use of health services for mental illness (annual)","'1+'","Males","2001","11.32","0.40","11.23","11.41","63,040","579,950",
"Manitoba","Use of health services for mental illness (annual)","'1+'","Both sexes","2002","14.75","0.25","14.68","14.82","168,750","1,177,770",
"Manitoba","Use of health services for mental illness (annual)","'1+'","Females","2002","17.52","0.32","17.41","17.63","102,210","596,140",
"Manitoba","Use of health services for mental illness (annual)","'1+'","Males","2002","11.87","0.39","11.77","11.96","66,540","581,630",
"Manitoba","Use of health services for mental illness (annual)","'1+'","Both sexes","2003","14.58","0.25","14.51","14.65","168,410","1,185,200",
"Manitoba","Use of health services for mental illness (annual)","'1+'","Females","2003","17.28","0.32","17.17","17.39","101,640","599,600",
"Manitoba","Use of health services for mental illness (annual)","'1+'","Males","2003","11.79","0.39","11.70","11.89","66,760","585,590",
"Manitoba","Use of health services for mental illness (annual)","'1+'","Both sexes","2004","14.54","0.24","14.47","14.61","169,300","1,192,080",
"Manitoba","Use of health services for mental illness (annual)","'1+'","Females","2004","17.21","0.32","17.10","17.31","102,000","603,100",
"Manitoba","Use of health services for mental illness (annual)","'1+'","Males","2004","11.78","0.39","11.69","11.87","67,290","588,970",
"Manitoba","Use of health services for mental illness (annual)","'1+'","Both sexes","2005","14.64","0.24","14.57","14.71","171,400","1,196,700",
"Manitoba","Use of health services for mental illness (annual)","'1+'","Females","2005","17.20","0.32","17.10","17.31","102,530","605,490",
"Manitoba","Use of health services for mental illness (annual)","'1+'","Males","2005","12.00","0.38","11.91","12.09","68,870","591,220",
"Manitoba","Use of health services for mental illness (annual)","'1+'","Both sexes","2006","14.60","0.24","14.53","14.66","171,900","1,202,430",
"Manitoba","Use of health services for mental illness (annual)","'1+'","Females","2006","17.09","0.32","16.99","17.20","102,520","608,190",
"Manitoba","Use of health services for mental illness (annual)","'1+'","Males","2006","12.01","0.38","11.92","12.10","69,390","594,250",
"Manitoba","Use of health services for mental illness (annual)","'1+'","Both sexes","2007","14.47","0.24","14.40","14.54","171,940","1,211,120",
"Manitoba","Use of health services for mental illness (annual)","'1+'","Females","2007","16.87","0.32","16.77","16.98","102,140","612,560",
"Manitoba","Use of health services for mental illness (annual)","'1+'","Males","2007","11.98","0.38","11.89","12.06","69,800","598,550",
"Manitoba","Use of health services for mental illness (annual)","'1+'","Both sexes","2008","14.61","0.24","14.54","14.68","175,710","1,224,390",
"Manitoba","Use of health services for mental illness (annual)","'1+'","Females","2008","16.96","0.31","16.86","17.07","103,860","619,120",
"Manitoba","Use of health services for mental illness (annual)","'1+'","Males","2008","12.17","0.37","12.08","12.26","71,850","605,270",
"Manitoba","Use of health services for mental illness (annual)","'1+'","Both sexes","2009","15.26","0.23","15.19","15.33","185,980","1,239,550",
"Manitoba","Use of health services for mental illness (annual)","'1+'","Females","2009","17.74","0.30","17.63","17.84","110,080","626,500",
"Manitoba","Use of health services for mental illness (annual)","'1+'","Males","2009","12.69","0.36","12.60","12.78","75,900","613,050",
"Manitoba","Use of health services for mental illness (annual)","'1+'","Both sexes","2010","15.84","0.23","15.77","15.91","196,240","1,259,070",
"Manitoba","Use of health services for mental illness (annual)","'1+'","Females","2010","18.34","0.30","18.24","18.45","115,680","635,990",
"Manitoba","Use of health services for mental illness (annual)","'1+'","Males","2010","13.24","0.35","13.14","13.33","80,550","623,070",
"Manitoba","Use of health services for mental illness (annual)","'1+'","Both sexes","2011","16.17","0.22","16.10","16.24","203,600","1,278,420",
"Manitoba","Use of health services for mental illness (annual)","'1+'","Females","2011","18.68","0.29","18.57","18.79","119,530","645,060",
"Manitoba","Use of health services for mental illness (annual)","'1+'","Males","2011","13.57","0.35","13.48","13.66","84,070","633,370",
"Manitoba","Use of health services for mental illness (annual)","'1+'","Both sexes","2012","16.13","0.22","16.06","16.20","206,550","1,299,050",
"Manitoba","Use of health services for mental illness (annual)","'1+'","Females","2012","18.57","0.29","18.47","18.68","120,700","654,540",
"Manitoba","Use of health services for mental illness (annual)","'1+'","Males","2012","13.61","0.34","13.52","13.70","85,850","644,510",
"Manitoba","Use of health services for mental illness (annual)","'1+'","Both sexes","2013","16.44","0.22","16.37","16.51","213,610","1,317,420",
"Manitoba","Use of health services for mental illness (annual)","'1+'","Females","2013","19.05","0.28","18.95","19.16","125,480","662,990",
"Manitoba","Use of health services for mental illness (annual)","'1+'","Males","2013","13.74","0.34","13.65","13.83","88,130","654,440",
"Manitoba","Use of health services for mental illness (annual)","'1+'","Both sexes","2014","16.42","0.22","16.35","16.49","216,690","1,335,630",
"Manitoba","Use of health services for mental illness (annual)","'1+'","Females","2014","19.13","0.28","19.03","19.24","127,820","671,460",
"Manitoba","Use of health services for mental illness (annual)","'1+'","Males","2014","13.64","0.34","13.55","13.73","88,870","664,160",
"Manitoba","Use of health services for mental illness (annual)","'1+'","Both sexes","2015","16.50","0.21","16.43","16.57","220,330","1,350,950",
"Manitoba","Use of health services for mental illness (annual)","'1+'","Females","2015","19.23","0.28","19.12","19.34","129,880","678,700",
"Manitoba","Use of health services for mental illness (annual)","'1+'","Males","2015","13.70","0.33","13.61","13.79","90,460","672,260",
"Saskatchewan","Use of health services for mental illness (annual)","'1+'","Both sexes","2000","11.60","0.30","11.54","11.67","115,860","1,038,620",
"Saskatchewan","Use of health services for mental illness (annual)","'1+'","Females","2000","13.70","0.39","13.60","13.81","68,780","522,110",
"Saskatchewan","Use of health services for mental illness (annual)","'1+'","Males","2000","9.49","0.47","9.40","9.58","47,080","516,520",
"Saskatchewan","Use of health services for mental illness (annual)","'1+'","Both sexes","2001","12.01","0.29","11.94","12.08","120,400","1,037,910",
"Saskatchewan","Use of health services for mental illness (annual)","'1+'","Females","2001","14.31","0.38","14.20","14.42","72,250","521,460",
"Saskatchewan","Use of health services for mental illness (annual)","'1+'","Males","2001","9.68","0.46","9.60","9.77","48,140","516,440",
"Saskatchewan","Use of health services for mental illness (annual)","'1+'","Both sexes","2002","12.68","0.28","12.61","12.75","127,570","1,038,510",
"Saskatchewan","Use of health services for mental illness (annual)","'1+'","Females","2002","15.05","0.37","14.94","15.16","76,300","521,700",
"Saskatchewan","Use of health services for mental illness (annual)","'1+'","Males","2002","10.28","0.45","10.19","10.37","51,270","516,820",
"Saskatchewan","Use of health services for mental illness (annual)","'1+'","Both sexes","2003","12.91","0.28","12.84","12.99","128,950","1,026,360",
"Saskatchewan","Use of health services for mental illness (annual)","'1+'","Females","2003","15.27","0.37","15.16","15.38","77,020","516,640",
"Saskatchewan","Use of health services for mental illness (annual)","'1+'","Males","2003","10.52","0.44","10.43","10.61","51,930","509,730",
"Saskatchewan","Use of health services for mental illness (annual)","'1+'","Both sexes","2004","12.91","0.28","12.84","12.99","130,100","1,031,720",
"Saskatchewan","Use of health services for mental illness (annual)","'1+'","Females","2004","15.22","0.36","15.11","15.33","77,380","518,730",
"Saskatchewan","Use of health services for mental illness (annual)","'1+'","Males","2004","10.58","0.44","10.48","10.67","52,720","512,980",
"Saskatchewan","Use of health services for mental illness (annual)","'1+'","Both sexes","2005","12.91","0.28","12.84","12.98","130,930","1,034,260",
"Saskatchewan","Use of health services for mental illness (annual)","'1+'","Females","2005","15.31","0.36","15.20","15.42","78,300","519,600",
"Saskatchewan","Use of health services for mental illness (annual)","'1+'","Males","2005","10.48","0.44","10.39","10.57","52,630","514,670",
"Saskatchewan","Use of health services for mental illness (annual)","'1+'","Both sexes","2006","13.05","0.28","12.98","13.12","131,440","1,024,670",
"Saskatchewan","Use of health services for mental illness (annual)","'1+'","Females","2006","15.43","0.36","15.32","15.54","78,620","515,680",
"Saskatchewan","Use of health services for mental illness (annual)","'1+'","Males","2006","10.62","0.44","10.53","10.71","52,810","508,990",
"Saskatchewan","Use of health services for mental illness (annual)","'1+'","Both sexes","2007","12.92","0.28","12.85","12.99","132,470","1,042,130",
"Saskatchewan","Use of health services for mental illness (annual)","'1+'","Females","2007","15.35","0.36","15.24","15.46","79,400","523,330",
"Saskatchewan","Use of health services for mental illness (annual)","'1+'","Males","2007","10.47","0.44","10.38","10.56","53,060","518,800",
"Saskatchewan","Use of health services for mental illness (annual)","'1+'","Both sexes","2008","12.96","0.27","12.89","13.03","135,500","1,062,040",
"Saskatchewan","Use of health services for mental illness (annual)","'1+'","Females","2008","15.30","0.36","15.20","15.41","80,520","531,870",
"Saskatchewan","Use of health services for mental illness (annual)","'1+'","Males","2008","10.60","0.43","10.51","10.69","54,980","530,170",
"Saskatchewan","Use of health services for mental illness (annual)","'1+'","Both sexes","2009","13.01","0.27","12.95","13.08","136,850","1,067,720",
"Saskatchewan","Use of health services for mental illness (annual)","'1+'","Females","2009","15.34","0.35","15.23","15.45","81,210","534,980",
"Saskatchewan","Use of health services for mental illness (annual)","'1+'","Males","2009","10.67","0.43","10.58","10.75","55,630","532,720",
"Saskatchewan","Use of health services for mental illness (annual)","'1+'","Both sexes","2010","13.17","0.27","13.10","13.24","141,280","1,088,200",
"Saskatchewan","Use of health services for mental illness (annual)","'1+'","Females","2010","15.44","0.35","15.33","15.54","83,270","544,430",
"Saskatchewan","Use of health services for mental illness (annual)","'1+'","Males","2010","10.89","0.42","10.80","10.98","58,020","543,770",
"Saskatchewan","Use of health services for mental illness (annual)","'1+'","Both sexes","2011","13.10","0.27","13.03","13.17","143,630","1,111,550",
"Saskatchewan","Use of health services for mental illness (annual)","'1+'","Females","2011","15.43","0.35","15.33","15.54","84,860","554,530",
"Saskatchewan","Use of health services for mental illness (annual)","'1+'","Males","2011","10.77","0.41","10.68","10.85","58,780","557,030",
"Saskatchewan","Use of health services for mental illness (annual)","'1+'","Both sexes","2012","12.54","0.27","12.47","12.61","139,310","1,125,060",
"Saskatchewan","Use of health services for mental illness (annual)","'1+'","Females","2012","14.67","0.35","14.57","14.77","81,580","560,850",
"Saskatchewan","Use of health services for mental illness (annual)","'1+'","Males","2012","10.42","0.42","10.33","10.50","57,720","564,200",
"Saskatchewan","Use of health services for mental illness (annual)","'1+'","Both sexes","2013","12.50","0.27","12.43","12.56","141,610","1,147,080",
"Saskatchewan","Use of health services for mental illness (annual)","'1+'","Females","2013","14.65","0.35","14.54","14.75","82,780","570,400",
"Saskatchewan","Use of health services for mental illness (annual)","'1+'","Males","2013","10.37","0.41","10.29","10.46","58,830","576,680",
"Saskatchewan","Use of health services for mental illness (annual)","'1+'","Both sexes","2014","12.44","0.26","12.38","12.51","144,300","1,174,040",
"Saskatchewan","Use of health services for mental illness (annual)","'1+'","Females","2014","14.61","0.35","14.51","14.71","84,400","582,680",
"Saskatchewan","Use of health services for mental illness (annual)","'1+'","Males","2014","10.29","0.41","10.21","10.38","59,900","591,350",
"Alberta","Use of health services for mental illness (annual)","'1+'","Both sexes","2000","15.80","0.15","15.75","15.85","459,930","3,061,200",
"Alberta","Use of health services for mental illness (annual)","'1+'","Females","2000","19.21","0.19","19.13","19.28","281,890","1,528,630",
"Alberta","Use of health services for mental illness (annual)","'1+'","Males","2000","12.37","0.25","12.31","12.43","178,040","1,532,570",
"Alberta","Use of health services for mental illness (annual)","'1+'","Both sexes","2001","16.16","0.15","16.12","16.21","481,430","3,122,140",
"Alberta","Use of health services for mental illness (annual)","'1+'","Females","2001","19.62","0.19","19.55","19.69","294,550","1,558,560",
"Alberta","Use of health services for mental illness (annual)","'1+'","Males","2001","12.69","0.24","12.63","12.75","186,890","1,563,590",
"Alberta","Use of health services for mental illness (annual)","'1+'","Both sexes","2002","16.22","0.15","16.17","16.26","493,940","3,176,400",
"Alberta","Use of health services for mental illness (annual)","'1+'","Females","2002","19.59","0.19","19.51","19.66","300,420","1,585,970",
"Alberta","Use of health services for mental illness (annual)","'1+'","Males","2002","12.83","0.24","12.77","12.89","193,520","1,590,420",
"Alberta","Use of health services for mental illness (annual)","'1+'","Both sexes","2003","15.69","0.15","15.64","15.73","486,140","3,222,790",
"Alberta","Use of health services for mental illness (annual)","'1+'","Females","2003","18.83","0.19","18.76","18.90","293,880","1,608,940",
"Alberta","Use of health services for mental illness (annual)","'1+'","Males","2003","12.53","0.24","12.47","12.59","192,260","1,613,840",
"Alberta","Use of health services for mental illness (annual)","'1+'","Both sexes","2004","15.55","0.15","15.50","15.59","489,050","3,263,020",
"Alberta","Use of health services for mental illness (annual)","'1+'","Females","2004","18.55","0.19","18.48","18.62","294,200","1,630,320",
"Alberta","Use of health services for mental illness (annual)","'1+'","Males","2004","12.51","0.23","12.45","12.57","194,850","1,632,690",
"Alberta","Use of health services for mental illness (annual)","'1+'","Both sexes","2005","15.44","0.14","15.40","15.49","496,990","3,328,270",
"Alberta","Use of health services for mental illness (annual)","'1+'","Females","2005","18.50","0.18","18.43","18.56","300,180","1,664,310",
"Alberta","Use of health services for mental illness (annual)","'1+'","Males","2005","12.35","0.23","12.29","12.40","196,800","1,663,950",
"Alberta","Use of health services for mental illness (annual)","'1+'","Both sexes","2006","15.07","0.14","15.03","15.12","501,120","3,434,650",
"Alberta","Use of health services for mental illness (annual)","'1+'","Females","2006","18.00","0.18","17.93","18.06","301,630","1,716,570",
"Alberta","Use of health services for mental illness (annual)","'1+'","Males","2006","12.12","0.23","12.07","12.18","199,490","1,718,080",
"Alberta","Use of health services for mental illness (annual)","'1+'","Both sexes","2007","15.08","0.14","15.04","15.12","516,150","3,530,710",
"Alberta","Use of health services for mental illness (annual)","'1+'","Females","2007","17.96","0.18","17.89","18.02","309,390","1,762,770",
"Alberta","Use of health services for mental illness (annual)","'1+'","Males","2007","12.18","0.22","12.13","12.23","206,760","1,767,940",
"Alberta","Use of health services for mental illness (annual)","'1+'","Both sexes","2008","14.82","0.14","14.78","14.86","522,000","3,627,140",
"Alberta","Use of health services for mental illness (annual)","'1+'","Females","2008","17.46","0.18","17.40","17.52","309,170","1,810,110",
"Alberta","Use of health services for mental illness (annual)","'1+'","Males","2008","12.15","0.22","12.10","12.20","212,820","1,817,010",
"Alberta","Use of health services for mental illness (annual)","'1+'","Both sexes","2009","14.61","0.14","14.57","14.65","527,750","3,711,030",
"Alberta","Use of health services for mental illness (annual)","'1+'","Females","2009","17.01","0.18","16.95","17.07","308,680","1,850,850",
"Alberta","Use of health services for mental illness (annual)","'1+'","Males","2009","12.18","0.22","12.13","12.24","219,070","1,860,190",
"Alberta","Use of health services for mental illness (annual)","'1+'","Both sexes","2010","14.39","0.14","14.35","14.43","534,460","3,810,640",
"Alberta","Use of health services for mental illness (annual)","'1+'","Females","2010","16.70","0.18","16.64","16.76","311,120","1,898,410",
"Alberta","Use of health services for mental illness (annual)","'1+'","Males","2010","12.05","0.22","12.00","12.10","223,330","1,912,220",
"Alberta","Use of health services for mental illness (annual)","'1+'","Both sexes","2011","14.41","0.14","14.37","14.45","551,810","3,924,350",
"Alberta","Use of health services for mental illness (annual)","'1+'","Females","2011","16.73","0.18","16.67","16.79","320,720","1,951,890",
"Alberta","Use of health services for mental illness (annual)","'1+'","Males","2011","12.07","0.21","12.02","12.12","231,090","1,972,470",
"Alberta","Use of health services for mental illness (annual)","'1+'","Both sexes","2012","14.30","0.13","14.26","14.34","569,950","4,080,700",
"Alberta","Use of health services for mental illness (annual)","'1+'","Females","2012","16.57","0.18","16.52","16.63","329,430","2,022,830",
"Alberta","Use of health services for mental illness (annual)","'1+'","Males","2012","12.03","0.21","11.98","12.08","240,520","2,057,880",
"Alberta","Use of health services for mental illness (annual)","'1+'","Both sexes","2013","14.43","0.13","14.40","14.47","598,650","4,241,320",
"Alberta","Use of health services for mental illness (annual)","'1+'","Females","2013","16.71","0.17","16.66","16.77","344,520","2,096,210",
"Alberta","Use of health services for mental illness (annual)","'1+'","Males","2013","12.17","0.20","12.13","12.22","254,120","2,145,090",
"Alberta","Use of health services for mental illness (annual)","'1+'","Both sexes","2014","14.72","0.13","14.68","14.76","632,070","4,384,460",
"Alberta","Use of health services for mental illness (annual)","'1+'","Females","2014","16.97","0.17","16.92","17.03","361,530","2,162,980",
"Alberta","Use of health services for mental illness (annual)","'1+'","Males","2014","12.49","0.19","12.44","12.54","270,550","2,221,490",
"Alberta","Use of health services for mental illness (annual)","'1+'","Both sexes","2015","15.42","0.12","15.38","15.45","679,990","4,487,950",
"Alberta","Use of health services for mental illness (annual)","'1+'","Females","2015","17.68","0.16","17.62","17.73","386,720","2,214,780",
"Alberta","Use of health services for mental illness (annual)","'1+'","Males","2015","13.18","0.19","13.13","13.22","293,260","2,273,150",
"British Columbia","Use of health services for mental illness (annual)","'1+'","Both sexes","2000","16.14","0.13","16.10","16.18","646,490","4,060,950",
"British Columbia","Use of health services for mental illness (annual)","'1+'","Females","2000","19.53","0.16","19.47","19.59","398,630","2,052,440",
"British Columbia","Use of health services for mental illness (annual)","'1+'","Males","2000","12.66","0.20","12.60","12.71","247,860","2,008,510",
"British Columbia","Use of health services for mental illness (annual)","'1+'","Both sexes","2001","16.21","0.12","16.17","16.25","659,010","4,106,250",
"British Columbia","Use of health services for mental illness (annual)","'1+'","Females","2001","19.61","0.16","19.55","19.67","405,830","2,074,720",
"British Columbia","Use of health services for mental illness (annual)","'1+'","Males","2001","12.72","0.20","12.67","12.77","253,180","2,031,540",
"British Columbia","Use of health services for mental illness (annual)","'1+'","Both sexes","2002","16.25","0.12","16.21","16.29","667,310","4,137,020",
"British Columbia","Use of health services for mental illness (annual)","'1+'","Females","2002","19.60","0.16","19.54","19.66","409,800","2,090,030",
"British Columbia","Use of health services for mental illness (annual)","'1+'","Males","2002","12.80","0.20","12.75","12.85","257,500","2,046,980",
"British Columbia","Use of health services for mental illness (annual)","'1+'","Both sexes","2003","16.08","0.12","16.05","16.12","672,340","4,194,560",
"British Columbia","Use of health services for mental illness (annual)","'1+'","Females","2003","19.35","0.16","19.29","19.41","411,140","2,115,610",
"British Columbia","Use of health services for mental illness (annual)","'1+'","Males","2003","12.74","0.20","12.69","12.79","261,200","2,078,960",
"British Columbia","Use of health services for mental illness (annual)","'1+'","Both sexes","2004","15.91","0.12","15.87","15.95","674,890","4,242,260",
"British Columbia","Use of health services for mental illness (annual)","'1+'","Females","2004","19.01","0.16","18.95","19.07","409,550","2,137,750",
"British Columbia","Use of health services for mental illness (annual)","'1+'","Males","2004","12.75","0.20","12.70","12.80","265,330","2,104,500",
"British Columbia","Use of health services for mental illness (annual)","'1+'","Both sexes","2005","15.96","0.12","15.93","16.00","688,220","4,299,090",
"British Columbia","Use of health services for mental illness (annual)","'1+'","Females","2005","19.09","0.16","19.03","19.15","418,210","2,166,500",
"British Columbia","Use of health services for mental illness (annual)","'1+'","Males","2005","12.77","0.19","12.72","12.82","270,010","2,132,600",
"British Columbia","Use of health services for mental illness (annual)","'1+'","Both sexes","2006","15.86","0.12","15.82","15.89","692,110","4,341,880",
"British Columbia","Use of health services for mental illness (annual)","'1+'","Females","2006","18.88","0.16","18.83","18.94","419,440","2,190,880",
"British Columbia","Use of health services for mental illness (annual)","'1+'","Males","2006","12.75","0.19","12.70","12.80","272,670","2,151,000",
"British Columbia","Use of health services for mental illness (annual)","'1+'","Both sexes","2007","16.03","0.12","16.00","16.07","711,910","4,405,780",
"British Columbia","Use of health services for mental illness (annual)","'1+'","Females","2007","19.05","0.15","18.99","19.10","430,380","2,222,330",
"British Columbia","Use of health services for mental illness (annual)","'1+'","Males","2007","12.94","0.19","12.89","12.99","281,540","2,183,470",
"British Columbia","Use of health services for mental illness (annual)","'1+'","Both sexes","2008","15.99","0.12","15.95","16.02","722,080","4,472,440",
"British Columbia","Use of health services for mental illness (annual)","'1+'","Females","2008","18.91","0.15","18.86","18.97","434,800","2,255,480",
"British Columbia","Use of health services for mental illness (annual)","'1+'","Males","2008","12.98","0.19","12.93","13.02","287,260","2,216,950",
"British Columbia","Use of health services for mental illness (annual)","'1+'","Both sexes","2009","16.02","0.12","15.98","16.05","733,800","4,527,100",
"British Columbia","Use of health services for mental illness (annual)","'1+'","Females","2009","18.83","0.15","18.77","18.88","439,410","2,284,650",
"British Columbia","Use of health services for mental illness (annual)","'1+'","Males","2009","13.12","0.18","13.07","13.17","294,400","2,242,470",
"British Columbia","Use of health services for mental illness (annual)","'1+'","Both sexes","2010","16.10","0.12","16.06","16.13","748,590","4,586,460",
"British Columbia","Use of health services for mental illness (annual)","'1+'","Females","2010","18.84","0.15","18.78","18.89","446,520","2,314,770",
"British Columbia","Use of health services for mental illness (annual)","'1+'","Males","2010","13.27","0.18","13.22","13.32","302,060","2,271,690",
"British Columbia","Use of health services for mental illness (annual)","'1+'","Both sexes","2011","16.34","0.11","16.31","16.38","769,540","4,635,930",
"British Columbia","Use of health services for mental illness (annual)","'1+'","Females","2011","19.01","0.15","18.96","19.07","456,500","2,339,670",
"British Columbia","Use of health services for mental illness (annual)","'1+'","Males","2011","13.58","0.18","13.53","13.63","313,040","2,296,260",
"British Columbia","Use of health services for mental illness (annual)","'1+'","Both sexes","2012","16.38","0.11","16.34","16.41","779,300","4,678,990",
"British Columbia","Use of health services for mental illness (annual)","'1+'","Females","2012","19.02","0.15","18.97","19.08","461,630","2,361,530",
"British Columbia","Use of health services for mental illness (annual)","'1+'","Males","2012","13.64","0.18","13.59","13.69","317,680","2,317,460",
"British Columbia","Use of health services for mental illness (annual)","'1+'","Both sexes","2013","16.54","0.11","16.50","16.58","793,030","4,709,270",
"British Columbia","Use of health services for mental illness (annual)","'1+'","Females","2013","19.16","0.15","19.10","19.21","468,670","2,378,160",
"British Columbia","Use of health services for mental illness (annual)","'1+'","Males","2013","13.83","0.18","13.78","13.87","324,350","2,331,100",
"British Columbia","Use of health services for mental illness (annual)","'1+'","Both sexes","2014","16.49","0.11","16.45","16.53","800,750","4,764,450",
"British Columbia","Use of health services for mental illness (annual)","'1+'","Females","2014","19.00","0.15","18.95","19.06","471,060","2,407,310",
"British Columbia","Use of health services for mental illness (annual)","'1+'","Males","2014","13.88","0.17","13.83","13.93","329,690","2,357,130",
"British Columbia","Use of health services for mental illness (annual)","'1+'","Both sexes","2015","16.52","0.11","16.49","16.56","814,310","4,839,700",
"British Columbia","Use of health services for mental illness (annual)","'1+'","Females","2015","18.93","0.15","18.88","18.99","476,310","2,445,360",
"British Columbia","Use of health services for mental illness (annual)","'1+'","Males","2015","14.02","0.17","13.97","14.07","338,010","2,394,340",
"Northwest Territories","Use of health services for mental illness (annual)","'1+'","Both sexes","2000","12.76","1.67","12.35","13.19","5,050","43,860",
"Northwest Territories","Use of health services for mental illness (annual)","'1+'","Females","2000","15.34","2.20","14.68","16.03","2,900","21,190",
"Northwest Territories","Use of health services for mental illness (annual)","'1+'","Males","2000","10.44","2.57","9.92","11.00","2,150","22,670",
"Northwest Territories","Use of health services for mental illness (annual)","'1+'","Both sexes","2001","11.84","1.72","11.44","12.25","4,700","43,740",
"Northwest Territories","Use of health services for mental illness (annual)","'1+'","Females","2001","14.17","2.26","13.55","14.82","2,700","21,080",
"Northwest Territories","Use of health services for mental illness (annual)","'1+'","Males","2001","9.78","2.69","9.27","10.33","2,020","22,670",
"Northwest Territories","Use of health services for mental illness (annual)","'1+'","Both sexes","2002","12.21","1.66","11.82","12.63","4,990","44,500",
"Northwest Territories","Use of health services for mental illness (annual)","'1+'","Females","2002","15.05","2.18","14.41","15.72","2,890","21,430",
"Northwest Territories","Use of health services for mental illness (annual)","'1+'","Males","2002","9.69","2.59","9.21","10.21","2,100","23,080",
"Northwest Territories","Use of health services for mental illness (annual)","'1+'","Both sexes","2003","12.75","1.61","12.35","13.17","5,250","44,520",
"Northwest Territories","Use of health services for mental illness (annual)","'1+'","Females","2003","15.30","2.13","14.67","15.97","2,990","21,530",
"Northwest Territories","Use of health services for mental illness (annual)","'1+'","Males","2003","10.41","2.48","9.91","10.95","2,260","23,000",
"Northwest Territories","Use of health services for mental illness (annual)","'1+'","Both sexes","2004","13.00","1.57","12.60","13.41","5,520","45,860",
"Northwest Territories","Use of health services for mental illness (annual)","'1+'","Females","2004","15.26","2.07","14.65","15.91","3,090","22,130",
"Northwest Territories","Use of health services for mental illness (annual)","'1+'","Males","2004","11.00","2.43","10.48","11.55","2,430","23,740",
"Northwest Territories","Use of health services for mental illness (annual)","'1+'","Both sexes","2005","12.91","1.56","12.52","13.31","5,520","46,420",
"Northwest Territories","Use of health services for mental illness (annual)","'1+'","Females","2005","15.54","2.03","14.92","16.18","3,170","22,390",
"Northwest Territories","Use of health services for mental illness (annual)","'1+'","Males","2005","10.54","2.43","10.04","11.07","2,350","24,030",
"Northwest Territories","Use of health services for mental illness (annual)","'1+'","Both sexes","2006","12.89","1.55","12.50","13.29","5,540","46,450",
"Northwest Territories","Use of health services for mental illness (annual)","'1+'","Females","2006","15.31","2.03","14.71","15.94","3,150","22,470",
"Northwest Territories","Use of health services for mental illness (annual)","'1+'","Males","2006","10.67","2.39","10.18","11.20","2,390","23,980",
"Northwest Territories","Use of health services for mental illness (annual)","'1+'","Both sexes","2007","12.67","1.54","12.29","13.06","5,530","47,290",
"Northwest Territories","Use of health services for mental illness (annual)","'1+'","Females","2007","14.48","2.03","13.91","15.08","3,070","22,940",
"Northwest Territories","Use of health services for mental illness (annual)","'1+'","Males","2007","11.05","2.40","10.53","11.60","2,460","24,360",
"Northwest Territories","Use of health services for mental illness (annual)","'1+'","Both sexes","2008","12.39","1.50","12.03","12.77","5,590","47,940",
"Northwest Territories","Use of health services for mental illness (annual)","'1+'","Females","2008","13.96","2.01","13.42","14.53","3,050","23,230",
"Northwest Territories","Use of health services for mental illness (annual)","'1+'","Males","2008","11.00","2.29","10.51","11.52","2,550","24,730",
"Northwest Territories","Use of health services for mental illness (annual)","'1+'","Both sexes","2009","11.34","1.53","11.00","11.69","5,260","48,560",
"Northwest Territories","Use of health services for mental illness (annual)","'1+'","Females","2009","12.73","2.05","12.22","13.26","2,860","23,560",
"Northwest Territories","Use of health services for mental illness (annual)","'1+'","Males","2009","10.09","2.30","9.63","10.57","2,410","25,010",
"Northwest Territories","Use of health services for mental illness (annual)","'1+'","Both sexes","2010","13.44","1.45","13.06","13.83","5,650","44,290",
"Northwest Territories","Use of health services for mental illness (annual)","'1+'","Females","2010","15.00","1.95","14.43","15.59","3,090","21,830",
"Northwest Territories","Use of health services for mental illness (annual)","'1+'","Males","2010","11.91","2.17","11.41","12.44","2,550","22,450",
"Northwest Territories","Use of health services for mental illness (annual)","'1+'","Both sexes","2011","11.55","1.52","11.21","11.90","5,050","45,500",
"Northwest Territories","Use of health services for mental illness (annual)","'1+'","Females","2011","13.25","2.02","12.73","13.79","2,840","22,390",
"Northwest Territories","Use of health services for mental illness (annual)","'1+'","Males","2011","9.91","2.32","9.47","10.39","2,210","23,110",
"Northwest Territories","Use of health services for mental illness (annual)","'1+'","Both sexes","2012","11.61","1.47","11.28","11.95","5,270","46,660",
"Northwest Territories","Use of health services for mental illness (annual)","'1+'","Females","2012","13.21","1.98","12.70","13.74","2,920","22,890",
"Northwest Territories","Use of health services for mental illness (annual)","'1+'","Males","2012","10.06","2.21","9.63","10.52","2,350","23,760",
"Northwest Territories","Use of health services for mental illness (annual)","'1+'","Both sexes","2013","10.67","1.53","10.35","11.00","4,860","47,000",
"Northwest Territories","Use of health services for mental illness (annual)","'1+'","Females","2013","12.40","2.04","11.90","12.91","2,740","23,030",
"Northwest Territories","Use of health services for mental illness (annual)","'1+'","Males","2013","9.00","2.32","8.60","9.43","2,120","23,970",
"Northwest Territories","Use of health services for mental illness (annual)","'1+'","Both sexes","2014","12.04","1.45","11.70","12.39","5,350","45,660",
"Northwest Territories","Use of health services for mental illness (annual)","'1+'","Females","2014","13.61","1.94","13.10","14.15","2,970","22,530",
"Northwest Territories","Use of health services for mental illness (annual)","'1+'","Males","2014","10.51","2.18","10.07","10.98","2,380","23,140",
"Northwest Territories","Use of health services for mental illness (annual)","'1+'","Both sexes","2015","12.41","1.43","12.07","12.77","5,350","43,950",
"Northwest Territories","Use of health services for mental illness (annual)","'1+'","Females","2015","13.73","1.93","13.21","14.27","2,920","21,680",
"Northwest Territories","Use of health services for mental illness (annual)","'1+'","Males","2015","11.13","2.13","10.67","11.61","2,430","22,260",
"Nunavut","Use of health services for mental illness (annual)","'1+'","Both sexes","2005","10.91","2.42","10.40","11.48","2,830","30,960",
"Nunavut","Use of health services for mental illness (annual)","'1+'","Females","2005","13.93","3.08","13.11","14.87","1,680","15,030",
"Nunavut","Use of health services for mental illness (annual)","'1+'","Males","2005","8.18","3.94","7.56","8.91","1,150","15,930",
"Nunavut","Use of health services for mental illness (annual)","'1+'","Both sexes","2006","9.57","2.47","9.12","10.08","2,640","31,590",
"Nunavut","Use of health services for mental illness (annual)","'1+'","Females","2006","11.84","3.26","11.10","12.69","1,510","15,360",
"Nunavut","Use of health services for mental illness (annual)","'1+'","Males","2006","7.50","3.75","6.95","8.14","1,130","16,220",
"Nunavut","Use of health services for mental illness (annual)","'1+'","Both sexes","2007","9.32","2.44","8.88","9.81","2,560","31,460",
"Nunavut","Use of health services for mental illness (annual)","'1+'","Females","2007","11.68","3.20","10.96","12.51","1,490","15,300",
"Nunavut","Use of health services for mental illness (annual)","'1+'","Males","2007","7.16","3.75","6.64","7.79","1,070","16,170",
"Nunavut","Use of health services for mental illness (annual)","'1+'","Both sexes","2008","9.53","2.38","9.09","10.02","2,690","32,490",
"Nunavut","Use of health services for mental illness (annual)","'1+'","Females","2008","11.80","3.08","11.10","12.59","1,550","15,800",
"Nunavut","Use of health services for mental illness (annual)","'1+'","Males","2008","7.45","3.73","6.92","8.10","1,130","16,680",
"Nunavut","Use of health services for mental illness (annual)","'1+'","Both sexes","2009","9.37","2.37","8.94","9.84","2,760","33,650",
"Nunavut","Use of health services for mental illness (annual)","'1+'","Females","2009","11.37","3.11","10.69","12.13","1,560","16,380",
"Nunavut","Use of health services for mental illness (annual)","'1+'","Males","2009","7.46","3.50","6.96","8.08","1,200","17,260",
"Nunavut","Use of health services for mental illness (annual)","'1+'","Both sexes","2010","9.45","2.35","9.02","9.92","2,860","34,810",
"Nunavut","Use of health services for mental illness (annual)","'1+'","Females","2010","11.23","3.05","10.57","11.96","1,600","16,970",
"Nunavut","Use of health services for mental illness (annual)","'1+'","Males","2010","7.78","3.65","7.23","8.43","1,260","17,840",
"Nunavut","Use of health services for mental illness (annual)","'1+'","Both sexes","2011","9.50","2.21","9.09","9.94","3,040","35,850",
"Nunavut","Use of health services for mental illness (annual)","'1+'","Females","2011","11.23","2.87","10.61","11.92","1,710","17,500",
"Nunavut","Use of health services for mental illness (annual)","'1+'","Males","2011","7.88","3.49","7.35","8.52","1,320","18,340",
"Nunavut","Use of health services for mental illness (annual)","'1+'","Both sexes","2012","10.71","2.06","10.28","11.17","3,540","36,520",
"Nunavut","Use of health services for mental illness (annual)","'1+'","Females","2012","12.71","2.62","12.07","13.42","2,010","17,820",
"Nunavut","Use of health services for mental illness (annual)","'1+'","Males","2012","8.94","3.43","8.35","9.62","1,530","18,710",
"Nunavut","Use of health services for mental illness (annual)","'1+'","Both sexes","2013","10.67","2.06","10.25","11.13","3,480","36,460",
"Nunavut","Use of health services for mental illness (annual)","'1+'","Females","2013","12.59","2.67","11.94","13.31","1,960","17,780",
"Nunavut","Use of health services for mental illness (annual)","'1+'","Males","2013","8.93","3.29","8.36","9.58","1,520","18,690",
"Nunavut","Use of health services for mental illness (annual)","'1+'","Both sexes","2014","10.39","2.03","9.98","10.83","3,520","37,100",
"Nunavut","Use of health services for mental illness (annual)","'1+'","Females","2014","12.48","2.62","11.85","13.18","2,020","18,140",
"Nunavut","Use of health services for mental illness (annual)","'1+'","Males","2014","8.47","3.24","7.94","9.08","1,510","18,970",
"Nunavut","Use of health services for mental illness (annual)","'1+'","Both sexes","2015","9.44","2.01","9.07","9.84","3,290","37,880",
"Nunavut","Use of health services for mental illness (annual)","'1+'","Females","2015","11.19","2.62","10.62","11.80","1,850","18,530",
"Nunavut","Use of health services for mental illness (annual)","'1+'","Males","2015","7.89","3.26","7.39","8.45","1,430","19,340",


"Notes: ",
"1. 95% CI: 95% confidence interval.",
"2. CV: Coefficient of variation.",
"3. Data were aggregated into life-course age groups.",
"4. Cells are empty when data are missing or numbers are too small to be reported.",
"5. Rates and rate ratios are not reported when the counts were less than 10 or the coefficient of variation of the rate was greater than 33%.",
"6. Rates were age-standardized to the 2011 Canadian populationusing life-course age groups. Age-standardized rates are based on non-rounded counts.",
"7. Nunavut data were excluded before 20052006 as Community Health Centre data were not available.",
"8. Yukon data were not available.",
"9. Saskatchewan data were not available for 20152016.",

"Source: ",
"Canadian Chronic Disease Surveillance System 2017",

" https://health-infobase.canada.ca/CCDSS/data-tool/ ",
" https://sante-infobase.canada.ca/scsmc/outil-de-donnees/ ",
"2019-06-19 12:00:00 AM"
